Airport,Month,Dom_Pax_In,Dom_Pax_Out,Int_Pax_In,Int_Pax_Out,Dom_Pax_Total,Int_Pax_Total,Pax_Total,status
ADELAIDE,APR,300934.2,305107.4,35225,40223.4,606041.6,75448.4,681490,pre
ADELAIDE,AUG,293901,290031,42090.2,41771.4,583932,83861.6,667793.6,pre
ADELAIDE,DEC,308524.2,309123.6,42675.6,52529.6,617647.8,95205.2,712853,pre
ADELAIDE,FEB,268721,261981.8,39499.6,31778.2,530702.8,71277.8,601980.6,pre
ADELAIDE,JAN,288047.6,291281,52736.6,43844.4,579328.6,96581,675909.6,pre
ADELAIDE,JUL,308821.2,313117.4,47694,43122.4,621938.6,90816.4,712755,pre
ADELAIDE,JUN,270961.6,268488.8,35054.8,41646.4,539450.4,76701.2,616151.6,pre
ADELAIDE,MAR,308351.2,308124,35611.6,37323.4,616475.2,72935,689410.2,pre
ADELAIDE,MAY,285370.6,286202.4,33842.2,38919,571573,72761.2,644334.2,pre
ADELAIDE,NOV,311134.6,310034,37454.4,37639.8,621168.6,75094.2,696262.8,pre
ADELAIDE,OCT,327138.8,324218.6,47680,37133.6,651357.4,84813.6,736171,pre
ADELAIDE,SEP,295857.8,295057.2,44116.6,43006.8,590915,87123.4,678038.4,pre
ALICE SPRINGS,APR,24719.6,24949.6,0,0,49669.2,0,49669.2,pre
ALICE SPRINGS,AUG,27963.2,29403.2,0,0,57366.4,0,57366.4,pre
ALICE SPRINGS,DEC,19927.4,23220,0,0,43147.4,0,43147.4,pre
ALICE SPRINGS,FEB,20704.6,19903.8,0,0,40608.4,0,40608.4,pre
ALICE SPRINGS,JAN,21922.8,19370.4,0,0,41293.2,0,41293.2,pre
ALICE SPRINGS,JUL,29498,31145,0,0,60643,0,60643,pre
ALICE SPRINGS,JUN,25088.2,24977.4,0,0,50065.6,0,50065.6,pre
ALICE SPRINGS,MAR,25278.6,24439.8,0,0,49718.4,0,49718.4,pre
ALICE SPRINGS,MAY,23597,24280.4,0,0,47877.4,0,47877.4,pre
ALICE SPRINGS,NOV,24796.8,25176.8,0,0,49973.6,0,49973.6,pre
ALICE SPRINGS,OCT,27578.2,28343.4,0,0,55921.6,0,55921.6,pre
ALICE SPRINGS,SEP,26742.8,26999.8,0,0,53742.6,0,53742.6,pre
All Australian Airports,APR,4921022.8,4921022.8,1568647.6,1607098.8,9842045.6,3175746.4,13017792,pre
All Australian Airports,AUG,4976348.8,4976348.8,1603628.6,1640818.8,9952697.6,3244447.4,13197145,pre
All Australian Airports,DEC,5134831.4,5134831.4,1739775.6,2040624.6,10269662.8,3780400.2,14050063,pre
All Australian Airports,FEB,4385926,4385926,1605236,1395226,8771852,3000462,11772314,pre
All Australian Airports,JAN,4889878,4889878,2006562.8,1714191.6,9779756,3720754.4,13500510.4,pre
All Australian Airports,JUL,5271672,5271672,1871984.6,1624999.8,10543344,3496984.4,14040328.4,pre
All Australian Airports,JUN,4605466.2,4605466.2,1407577,1651311.6,9210932.4,3058888.6,12269821,pre
All Australian Airports,MAR,4987178.4,4987178.4,1527923,1577361.2,9974356.8,3105284.2,13079641,pre
All Australian Airports,MAY,4706484.2,4706484.2,1393748.8,1471078.2,9412968.4,2864827,12277795.4,pre
All Australian Airports,NOV,5105992,5105992,1560548.8,1597893.2,10211984,3158442,13370426,pre
All Australian Airports,OCT,5364579.8,5364579.8,1810084.8,1540460.8,10729159.6,3350545.6,14079705.2,pre
All Australian Airports,SEP,5026281.6,5026281.6,1624883.2,1654910,10052563.2,3279793.2,13332356.4,pre
AYERS ROCK,APR,16169.6,16504.4,0,0,32674,0,32674,pre
AYERS ROCK,AUG,19633,19192.2,0,0,38825.2,0,38825.2,pre
AYERS ROCK,DEC,13808.2,13750,0,0,27558.2,0,27558.2,pre
AYERS ROCK,FEB,13144.2,13816,0,0,26960.2,0,26960.2,pre
AYERS ROCK,JAN,13256.2,13679,0,0,26935.2,0,26935.2,pre
AYERS ROCK,JUL,18374.2,17960.2,0,0,36334.4,0,36334.4,pre
AYERS ROCK,JUN,15588,14728.4,0,0,30316.4,0,30316.4,pre
AYERS ROCK,MAR,16005,16599.2,0,0,32604.2,0,32604.2,pre
AYERS ROCK,MAY,15110.6,15227.2,0,0,30337.8,0,30337.8,pre
AYERS ROCK,NOV,16155.4,16964.8,0,0,33120.2,0,33120.2,pre
AYERS ROCK,OCT,18499.2,19218.8,0,0,37718,0,37718,pre
AYERS ROCK,SEP,18285.8,17940.4,0,0,36226.2,0,36226.2,pre
BALLINA,APR,22141.8,22596.2,0,0,44738,0,44738,pre
BALLINA,AUG,18127.8,18190.2,0,0,36318,0,36318,pre
BALLINA,DEC,25663,23958.2,0,0,49621.2,0,49621.2,pre
BALLINA,FEB,18405,18540.8,0,0,36945.8,0,36945.8,pre
BALLINA,JAN,24712.4,26761.2,0,0,51473.6,0,51473.6,pre
BALLINA,JUL,21197,21409,0,0,42606,0,42606,pre
BALLINA,JUN,17223.8,16722.8,0,0,33946.6,0,33946.6,pre
BALLINA,MAR,20993.4,20755,0,0,41748.4,0,41748.4,pre
BALLINA,MAY,17197.8,17541.8,0,0,34739.6,0,34739.6,pre
BALLINA,NOV,20874.2,20720.8,0,0,41595,0,41595,pre
BALLINA,OCT,23635.4,24445.2,0,0,48080.6,0,48080.6,pre
BALLINA,SEP,22075,20884,0,0,42959,0,42959,pre
BRISBANE,APR,704454.8,703621,230310.8,235322.2,1408075.8,465633,1873708.8,pre
BRISBANE,AUG,734837,734874.2,240366.6,258890.6,1469711.2,499257.2,1968968.4,pre
BRISBANE,DEC,759018.8,733793.4,256504.6,294572.2,1492812.2,551076.8,2043889,pre
BRISBANE,FEB,613675.8,616982.4,221788.8,201305,1230658.2,423093.8,1653752,pre
BRISBANE,JAN,671794.6,689164.6,285082.8,242490,1360959.2,527572.8,1888532,pre
BRISBANE,JUL,788636.6,775477,278995.6,240744.8,1564113.6,519740.4,2083854,pre
BRISBANE,JUN,683491,683351.6,217120,243558.8,1366842.6,460678.8,1827521.4,pre
BRISBANE,MAR,712469.4,708549,221312.8,228426.6,1421018.4,449739.4,1870757.8,pre
BRISBANE,MAY,693209.8,686922.2,210240.4,219911,1380132,430151.4,1810283.4,pre
BRISBANE,NOV,732625.6,737740,224850.8,237235.6,1470365.6,462086.4,1932452,pre
BRISBANE,OCT,769148.6,782579,266814.8,238096,1551727.6,504910.8,2056638.4,pre
BRISBANE,SEP,747060.4,736007.8,244722.2,252418,1483068.2,497140.2,1980208.4,pre
CAIRNS,APR,167828.2,171067.8,24012.2,25134.8,338896,49147,388043,pre
CAIRNS,AUG,189031.2,195655.6,30266.6,34551.4,384686.8,64818,449504.8,pre
CAIRNS,DEC,183762.6,174954.4,27343,30213.2,358717,57556.2,416273.2,pre
CAIRNS,FEB,141975.4,147113.4,27675.2,25722,289088.8,53397.2,342486,pre
CAIRNS,JAN,167758.8,181439.4,30071.4,26889.8,349198.2,56961.2,406159.4,pre
CAIRNS,JUL,203965.6,208337.4,30690,25643,412303,56333,468636,pre
CAIRNS,JUN,171144.6,159270.2,20884.4,22631.6,330414.8,43516,373930.8,pre
CAIRNS,MAR,155625,153241,25858.6,27898.2,308866,53756.8,362622.8,pre
CAIRNS,MAY,154177.6,154925.4,19632,22794.6,309103,42426.6,351529.6,pre
CAIRNS,NOV,169597.6,172428.6,22882.2,24312,342026.2,47194.2,389220.4,pre
CAIRNS,OCT,188239.2,198064.4,27692.6,25649.6,386303.6,53342.2,439645.8,pre
CAIRNS,SEP,186159.4,178526.2,26500.8,27965.6,364685.6,54466.4,419152,pre
CANBERRA,APR,121440.2,122968,2326.2,2476.6,244408.2,4802.8,249211,pre
CANBERRA,AUG,131748,131287.8,2048.8,2277.6,263035.8,4326.4,267362.2,pre
CANBERRA,DEC,114735.2,124461.6,2239.6,3670.2,239196.8,5909.8,245106.6,pre
CANBERRA,FEB,114505.4,111004,1987,1700.8,225509.4,3687.8,229197.2,pre
CANBERRA,JAN,100613.8,90300,2646.6,2112.4,190913.8,4759,195672.8,pre
CANBERRA,JUL,132355.2,129880.6,2456.6,2356.2,262235.8,4812.8,267048.6,pre
CANBERRA,JUN,122261.2,124444.6,1957.2,2609,246705.8,4566.2,251272,pre
CANBERRA,MAR,132237.8,133974.6,1987.2,2073.8,266212.4,4061,270273.4,pre
CANBERRA,MAY,127315,128384.6,1741.6,2265.4,255699.6,4007,259706.6,pre
CANBERRA,NOV,137179,136121.4,2600,2877.6,273300.4,5477.6,278778,pre
CANBERRA,OCT,139607.8,134078.4,3165.4,2668.2,273686.2,5833.6,279519.8,pre
CANBERRA,SEP,130455.6,132365.2,2444.6,2950.8,262820.8,5395.4,268216.2,pre
DARWIN,APR,73518.8,71657,10141.2,10080,145175.8,20221.2,165397,pre
DARWIN,AUG,86923.4,92187.4,11611.6,12077.6,179110.8,23689.2,202800,pre
DARWIN,DEC,61719.2,73406.6,8220,14610.4,135125.8,22830.4,157956.2,pre
DARWIN,FEB,52727.2,53624.6,9594.4,7696.2,106351.8,17290.6,123642.4,pre
DARWIN,JAN,69870,58462.8,15424.4,10321,128332.8,25745.4,154078.2,pre
DARWIN,JUL,96409.2,99305.8,14019.4,12183.2,195715,26202.6,221917.6,pre
DARWIN,JUN,87486,82138.8,10644.2,12780.4,169624.8,23424.6,193049.4,pre
DARWIN,MAR,64805.2,63948.6,8785.2,8932.8,128753.8,17718,146471.8,pre
DARWIN,MAY,76212.8,73212.6,9961.4,10436.2,149425.4,20397.6,169823,pre
DARWIN,NOV,65649.8,67493.2,9141.4,9305.4,133143,18446.8,151589.8,pre
DARWIN,OCT,76892.8,81810.4,11241.2,9916.4,158703.2,21157.6,179860.8,pre
DARWIN,SEP,80711,81669.8,11016.2,10726.6,162380.8,21742.8,184123.6,pre
GOLD COAST,APR,224299,229613.6,44366.6,40111.4,453912.6,84478,538390.6,pre
GOLD COAST,AUG,214273,217537.6,42452.4,42635.6,431810.6,85088,516898.6,pre
GOLD COAST,DEC,251152.8,239088,45775,52452.2,490240.8,98227.2,588468,pre
GOLD COAST,FEB,190680,195659.4,39734,35193,386339.4,74927,461266.4,pre
GOLD COAST,JAN,250286,269737.2,52631.6,44715.4,520023.2,97347,617370.2,pre
GOLD COAST,JUL,236462.8,238199.4,51831,42630.4,474662.2,94461.4,569123.6,pre
GOLD COAST,JUN,196424.4,189607.6,37117.4,40081.6,386032,77199,463231,pre
GOLD COAST,MAR,215782.2,212595.2,42067,40484,428377.4,82551,510928.4,pre
GOLD COAST,MAY,193639.2,195581.6,37520,34943.4,389220.8,72463.4,461684.2,pre
GOLD COAST,NOV,221039.6,224635.6,38370,39886.2,445675.2,78256.2,523931.4,pre
GOLD COAST,OCT,242563.6,250796.8,45384.8,42027.6,493360.4,87412.4,580772.8,pre
GOLD COAST,SEP,236069.4,224861,41369.8,42782.8,460930.4,84152.6,545083,pre
HOBART,APR,102928.8,108995,0,0,211923.8,0,211923.8,pre
HOBART,AUG,89298.8,90159.4,0,0,179458.2,0,179458.2,pre
HOBART,DEC,133628.6,118625.8,0,0,252254.4,0,252254.4,pre
HOBART,FEB,105334.4,103111.6,0,0,208446,0,208446,pre
HOBART,JAN,117448.6,133209,0,0,250657.6,0,250657.6,pre
HOBART,JUL,98033.4,100458.2,0,0,198491.6,0,198491.6,pre
HOBART,JUN,89642.2,89565.6,0,0,179207.8,0,179207.8,pre
HOBART,MAR,110638,113960.8,0,0,224598.8,0,224598.8,pre
HOBART,MAY,88004.4,91576.6,0,0,179581,0,179581,pre
HOBART,NOV,111603.6,110908.4,0,0,222512,0,222512,pre
HOBART,OCT,110633.6,108106.6,0,0,218740.2,0,218740.2,pre
HOBART,SEP,98016.4,93168,0,0,191184.4,0,191184.4,pre
KARRATHA,APR,20666.4,20454.2,0,0,41120.6,0,41120.6,pre
KARRATHA,AUG,20849.4,21318.6,0,0,42168,0,42168,pre
KARRATHA,DEC,16415.8,20406,0,0,36821.8,0,36821.8,pre
KARRATHA,FEB,18724.4,18767.6,0,0,37492,0,37492,pre
KARRATHA,JAN,21220.4,17453.2,0,0,38673.6,0,38673.6,pre
KARRATHA,JUL,21806,21314.4,0,0,43120.4,0,43120.4,pre
KARRATHA,JUN,20098,20643.8,0,0,40741.8,0,40741.8,pre
KARRATHA,MAR,20247.8,20808.2,0,0,41056,0,41056,pre
KARRATHA,MAY,21627.6,21405,0,0,43032.6,0,43032.6,pre
KARRATHA,NOV,20844.6,20812,0,0,41656.6,0,41656.6,pre
KARRATHA,OCT,21842,21012.2,0,0,42854.2,0,42854.2,pre
KARRATHA,SEP,20325,21112.2,0,0,41437.2,0,41437.2,pre
LAUNCESTON,APR,57697.4,61072.2,0,0,118769.6,0,118769.6,pre
LAUNCESTON,AUG,46085.6,46097.4,0,0,92183,0,92183,pre
LAUNCESTON,DEC,73483.2,64205,0,0,137688.2,0,137688.2,pre
LAUNCESTON,FEB,57020.4,55898.6,0,0,112919,0,112919,pre
LAUNCESTON,JAN,66521,74911.2,0,0,141432.2,0,141432.2,pre
LAUNCESTON,JUL,53415.6,54925,0,0,108340.6,0,108340.6,pre
LAUNCESTON,JUN,44648.4,44642,0,0,89290.4,0,89290.4,pre
LAUNCESTON,MAR,61023.2,62689,0,0,123712.2,0,123712.2,pre
LAUNCESTON,MAY,46497.2,48455.2,0,0,94952.4,0,94952.4,pre
LAUNCESTON,NOV,59129.2,57927.8,0,0,117057,0,117057,pre
LAUNCESTON,OCT,56895,55172,0,0,112067,0,112067,pre
LAUNCESTON,SEP,50262.2,48466.2,0,0,98728.4,0,98728.4,pre
MACKAY,APR,33645.8,33341,0,0,66986.8,0,66986.8,pre
MACKAY,AUG,35367.8,35837,0,0,71204.8,0,71204.8,pre
MACKAY,DEC,32875.4,34681.4,0,0,67556.8,0,67556.8,pre
MACKAY,FEB,28554.2,29091.8,0,0,57646,0,57646,pre
MACKAY,JAN,31698.4,30209,0,0,61907.4,0,61907.4,pre
MACKAY,JUL,36734.4,36606.4,0,0,73340.8,0,73340.8,pre
MACKAY,JUN,33356.6,33354,0,0,66710.6,0,66710.6,pre
MACKAY,MAR,33272,33364.6,0,0,66636.6,0,66636.6,pre
MACKAY,MAY,34391.4,34579.6,0,0,68971,0,68971,pre
MACKAY,NOV,33202.4,33526.2,0,0,66728.6,0,66728.6,pre
MACKAY,OCT,35676.2,35650,0,0,71326.2,0,71326.2,pre
MACKAY,SEP,35150.4,35474.8,0,0,70625.2,0,70625.2,pre
MELBOURNE,APR,1049861.2,1023452,409397.2,411393,2073313.2,820790.2,2894103.4,pre
MELBOURNE,AUG,1036291,1034569,420421.8,426595.6,2070860,847017.4,2917877.4,pre
MELBOURNE,DEC,1068255.8,1106679.8,461896.2,531078.8,2174935.6,992975,3167910.6,pre
MELBOURNE,FEB,949839,941300.6,430296,365990.2,1891139.6,796286.2,2687425.8,pre
MELBOURNE,JAN,1076234.8,1020135.2,511478.2,443404.2,2096370,954882.4,3051252.4,pre
MELBOURNE,JUL,1117913.2,1084279.2,492890.2,420994.4,2202192.4,913884.6,3116077,pre
MELBOURNE,JUN,940144.4,983259,368995.2,444142.4,1923403.4,813137.6,2736541,pre
MELBOURNE,MAR,1059711.6,1080294.4,399337.4,415301,2140006,814638.4,2954644.4,pre
MELBOURNE,MAY,979102.8,984662.4,357861.6,384552.8,1963765.2,742414.4,2706179.6,pre
MELBOURNE,NOV,1095445.6,1083385.8,419481.6,426633.4,2178831.4,846115,3024946.4,pre
MELBOURNE,OCT,1138344.4,1123496.8,475388.4,397389.6,2261841.2,872778,3134619.2,pre
MELBOURNE,SEP,1047666.8,1057201.2,428090.4,430632.8,2104868,858723.2,2963591.2,pre
NEWCASTLE,APR,50502,51271,0,0,101773,0,101773,pre
NEWCASTLE,AUG,50574.2,50189.6,0,0,100763.8,0,100763.8,pre
NEWCASTLE,DEC,53936.6,52801.6,445.8,497,106738.2,942.8,107681,pre
NEWCASTLE,FEB,44203,44627.2,123.8,95,88830.2,218.8,89049,pre
NEWCASTLE,JAN,50461.6,51241.8,315,255.6,101703.4,570.6,102274,pre
NEWCASTLE,JUL,53540.4,53941.8,0,0,107482.2,0,107482.2,pre
NEWCASTLE,JUN,47196,47155.8,0,0,94351.8,0,94351.8,pre
NEWCASTLE,MAR,51348.8,51334,0,0,102682.8,0,102682.8,pre
NEWCASTLE,MAY,49252.4,49499.8,0,0,98752.2,0,98752.2,pre
NEWCASTLE,NOV,53898,54169.4,112,128.6,108067.4,240.6,108308,pre
NEWCASTLE,OCT,56760.6,56575.2,0,0,113335.8,0,113335.8,pre
NEWCASTLE,SEP,52463.2,52888,0,0,105351.2,0,105351.2,pre
PERTH,APR,344222,346043.6,174010.4,183715.2,690265.6,357725.6,1047991.2,pre
PERTH,AUG,337332.2,332809.8,174684.8,172901.8,670142,347586.6,1017728.6,pre
PERTH,DEC,361630.6,349804.6,185741,229821.8,711435.2,415562.8,1126998,pre
PERTH,FEB,293683.8,298300.4,177000.2,147391.8,591984.2,324392,916376.2,pre
PERTH,JAN,340372.4,353942.6,235942.2,191385,694315,427327.2,1121642.2,pre
PERTH,JUL,357325.6,366977.6,210583,182088.2,724303.2,392671.2,1116974.4,pre
PERTH,JUN,317892.8,312445.2,155002.6,186106,630338,341108.6,971446.6,pre
PERTH,MAR,343434.6,338273,166959.4,173001.2,681707.6,339960.6,1021668.2,pre
PERTH,MAY,326983.6,329177.4,152507.6,162162.6,656161,314670.2,970831.2,pre
PERTH,NOV,344524,342964.6,169079.6,167844.2,687488.6,336923.8,1024412.4,pre
PERTH,OCT,366309.4,365712,205745.6,165129,732021.4,370874.6,1102896,pre
PERTH,SEP,340025.8,344637.8,182060.2,186461.8,684663.6,368522,1053185.6,pre
ROCKHAMPTON,APR,22060,21837.6,0,0,43897.6,0,43897.6,pre
ROCKHAMPTON,AUG,25142.4,25327,0,0,50469.4,0,50469.4,pre
ROCKHAMPTON,DEC,23453.2,23993.4,0,0,47446.6,0,47446.6,pre
ROCKHAMPTON,FEB,20316.6,20292.2,0,0,40608.8,0,40608.8,pre
ROCKHAMPTON,JAN,21462.8,20126.8,0,0,41589.6,0,41589.6,pre
ROCKHAMPTON,JUL,25994.2,26316.2,0,0,52310.4,0,52310.4,pre
ROCKHAMPTON,JUN,24347.6,24171.8,0,0,48519.4,0,48519.4,pre
ROCKHAMPTON,MAR,24613.4,24959.8,0,0,49573.2,0,49573.2,pre
ROCKHAMPTON,MAY,25586.4,25588,0,0,51174.4,0,51174.4,pre
ROCKHAMPTON,NOV,23970.2,24517.8,0,0,48488,0,48488,pre
ROCKHAMPTON,OCT,25691.4,25678.2,0,0,51369.6,0,51369.6,pre
ROCKHAMPTON,SEP,25094.2,25131.8,0,0,50226,0,50226,pre
SUNSHINE COAST,APR,47211.2,48044.6,0,0,95255.8,0,95255.8,pre
SUNSHINE COAST,AUG,44238,44518.4,1862,1633.4,88756.4,3495.4,92251.8,pre
SUNSHINE COAST,DEC,53569.4,50246.2,127.2,140.2,103815.6,267.4,104083,pre
SUNSHINE COAST,FEB,34125.6,34545.4,159.8,158.2,68671,318,68989,pre
SUNSHINE COAST,JAN,48439.4,53506,231.4,206.2,101945.4,437.6,102383,pre
SUNSHINE COAST,JUL,49736.2,49358.6,1913.2,1359.4,99094.8,3272.6,102367.4,pre
SUNSHINE COAST,JUN,39617.6,37123,55.4,32.8,76740.6,88.2,76828.8,pre
SUNSHINE COAST,MAR,41787.2,40697.2,0,0,82484.4,0,82484.4,pre
SUNSHINE COAST,MAY,37636.4,38107,0,0,75743.4,0,75743.4,pre
SUNSHINE COAST,NOV,48281.2,49404,0,0,97685.2,0,97685.2,pre
SUNSHINE COAST,OCT,52065,54374.2,1496.8,1476.6,106439.2,2973.4,109412.6,pre
SUNSHINE COAST,SEP,51306.4,48937.2,1861.2,1728.2,100243.6,3589.4,103833,pre
SYDNEY,APR,1118062.4,1118296.2,633745.8,653178.4,2236358.6,1286924.2,3523282.8,pre
SYDNEY,AUG,1128539.2,1114054.8,632739.2,642895.8,2242594,1275635,3518229,pre
SYDNEY,DEC,1166027.8,1168658.8,701708.6,821032,2334686.6,1522740.6,3857427.2,pre
SYDNEY,FEB,1033366.8,1033376.6,651930.8,574411.6,2066743.4,1226342.4,3293085.8,pre
SYDNEY,JAN,1115231.4,1113720.6,813845,703530.2,2228952,1517375.2,3746327.2,pre
SYDNEY,JUL,1166948.8,1185961.6,735197.2,649240,2352910.4,1384437.2,3737347.6,pre
SYDNEY,JUN,1041784.6,1033016.6,556672.6,652330.8,2074801.2,1209003.4,3283804.6,pre
SYDNEY,MAR,1163522.8,1151441.4,621202,639753,2314964.2,1260955,3575919.2,pre
SYDNEY,MAY,1085075,1071318.6,565070.2,590288.8,2156393.6,1155359,3311752.6,pre
SYDNEY,NOV,1178680.8,1175471.4,632314.8,647249.6,2354152.2,1279564.4,3633716.6,pre
SYDNEY,OCT,1226132.4,1212057,719644.6,616187.4,2438189.4,1335832,3774021.4,pre
SYDNEY,SEP,1119977,1139500.2,637851,650844,2259477.2,1288695,3548172.2,pre
TOWNSVILLE,APR,63762.8,62732.8,771.4,860.8,126495.6,1632.2,128127.8,pre
TOWNSVILLE,AUG,68621.6,70390.2,867.2,869.8,139011.8,1737,140748.8,pre
TOWNSVILLE,DEC,64076.4,68506.6,956.8,1224.2,132583,2181,134764,pre
TOWNSVILLE,FEB,49818.4,49795.4,1041.8,1020.8,99613.8,2062.6,101676.4,pre
TOWNSVILLE,JAN,59592,55065.4,1273.4,1064,114657.4,2337.4,116994.8,pre
TOWNSVILLE,JUL,76224.2,74210,970,951.8,150434.2,1921.8,152356,pre
TOWNSVILLE,JUN,65740,65311.2,828.8,897,131051.2,1725.8,132777,pre
TOWNSVILLE,MAR,61069,61364.8,980.4,918.2,122433.8,1898.6,124332.4,pre
TOWNSVILLE,MAY,64209.2,64105.8,780.4,917.4,128315,1697.8,130012.8,pre
TOWNSVILLE,NOV,61748.8,63880.6,698.6,878.2,125629.4,1576.8,127206.2,pre
TOWNSVILLE,OCT,69166.8,69054.4,1229.2,1132.4,138221.2,2361.6,140582.8,pre
TOWNSVILLE,SEP,68263,70181,1105.8,1226.4,138444,2332.2,140776.2,pre
ADELAIDE,JAN,294269,298774,63966,53541,593043,117507,710550,post
ADELAIDE,FEB,275909,266178,41150,30615,542087,71765,613852,post
ADELAIDE,MAR,192633,193960,23735,18459,386593,42194,428787,post
ADELAIDE,APR,5462,6383,0,0,11845,0,11845,post
ADELAIDE,MAY,7273,8466,0,0,15739,0,15739,post
ADELAIDE,JUN,12264,12993,26,51,25257,77,25334,post
ADELAIDE,JUL,25774,27491,350,313,53265,663,53928,post
ADELAIDE,AUG,36135,38427,754,661,74562,1415,75977,post
ALICE SPRINGS,JAN,16932,13908,0,0,30840,0,30840,post
ALICE SPRINGS,FEB,14658,13992,0,0,28650,0,28650,post
ALICE SPRINGS,MAR,12606,11508,0,0,24114,0,24114,post
ALICE SPRINGS,APR,1481,1537,0,0,3018,0,3018,post
ALICE SPRINGS,MAY,1623,1725,0,0,3348,0,3348,post
ALICE SPRINGS,JUN,2939,3052,0,0,5991,0,5991,post
ALICE SPRINGS,JUL,5697,5819,0,0,11516,0,11516,post
ALICE SPRINGS,AUG,8541,8448,0,0,16989,0,16989,post
AYERS ROCK,JAN,14817,15125,0,0,29942,0,29942,post
AYERS ROCK,FEB,13069,13499,0,0,26568,0,26568,post
AYERS ROCK,MAR,9540,11619,0,0,21159,0,21159,post
AYERS ROCK,APR,0,0,0,0,0,0,0,post
AYERS ROCK,MAY,0,0,0,0,0,0,0,post
AYERS ROCK,JUN,0,0,0,0,0,0,0,post
AYERS ROCK,JUL,0,0,0,0,0,0,0,post
AYERS ROCK,AUG,0,0,0,0,0,0,0,post
BALLINA,JAN,27390,30186,0,0,57576,0,57576,post
BALLINA,FEB,20690,20309,0,0,40999,0,40999,post
BALLINA,MAR,13835,14568,0,0,28403,0,28403,post
BALLINA,APR,195,182,0,0,377,0,377,post
BALLINA,MAY,1257,1272,0,0,2529,0,2529,post
BALLINA,JUN,4322,3587,0,0,7909,0,7909,post
BALLINA,JUL,15858,15370,0,0,31228,0,31228,post
BALLINA,AUG,13248,13906,0,0,27154,0,27154,post
BRISBANE,JAN,707885,734476,333471,283668,1442361,617139,2059500,post
BRISBANE,FEB,606981,612685,223875,197282,1219666,421157,1640823,post
BRISBANE,MAR,445000,440149,138690,125177,885149,263867,1149016,post
BRISBANE,APR,26799,28101,2379,6582,54900,8961,63861,post
BRISBANE,MAY,32659,32637,1809,2679,65296,4488,69784,post
BRISBANE,JUN,71393,76000,4496,5537,147393,10033,157426,post
BRISBANE,JUL,178059,169412,3985,7081,347471,11066,358537,post
BRISBANE,AUG,139600,144750,2853,8057,284350,10910,295260,post
CAIRNS,JAN,167386,180829,28638,24465,348215,53103,401318,post
CAIRNS,FEB,112318,121118,24070,19120,233436,43190,276626,post
CAIRNS,MAR,87371,93860,10976,10079,181231,21055,202286,post
CAIRNS,APR,3459,3967,30,24,7426,54,7480,post
CAIRNS,MAY,4457,4324,37,55,8781,92,8873,post
CAIRNS,JUN,13751,12639,102,144,26390,246,26636,post
CAIRNS,JUL,54621,49769,53,72,104390,125,104515,post
CAIRNS,AUG,47105,50717,79,58,97822,137,97959,post
CANBERRA,JAN,107782,97761,2617,3087,205543,5704,211247,post
CANBERRA,FEB,121940,117645,2265,2279,239585,4544,244129,post
CANBERRA,MAR,77060,74706,1471,1174,151766,2645,154411,post
CANBERRA,APR,2044,2334,0,0,4378,0,4378,post
CANBERRA,MAY,2891,2827,0,0,5718,0,5718,post
CANBERRA,JUN,6861,6484,0,0,13345,0,13345,post
CANBERRA,JUL,10723,11907,0,0,22630,0,22630,post
CANBERRA,AUG,7072,6437,0,0,13509,0,13509,post
DARWIN,JAN,64657,56560,15026,10712,121217,25738,146955,post
DARWIN,FEB,48141,50081,8685,5674,98222,14359,112581,post
DARWIN,MAR,41355,39999,4342,2910,81354,7252,88606,post
DARWIN,APR,3401,3309,0,0,6710,0,6710,post
DARWIN,MAY,3014,2736,0,0,5750,0,5750,post
DARWIN,JUN,6728,6568,0,0,13296,0,13296,post
DARWIN,JUL,14237,12332,0,0,26569,0,26569,post
DARWIN,AUG,19355,19061,0,0,38416,0,38416,post
GOLD COAST,JAN,262457,276137,52235,47115,538594,99350,637944,post
GOLD COAST,FEB,185735,189523,36789,32871,375258,69660,444918,post
GOLD COAST,MAR,127307,137163,20412,18038,264470,38450,302920,post
GOLD COAST,APR,596,922,0,0,1518,0,1518,post
GOLD COAST,MAY,1025,1272,0,0,2297,0,2297,post
GOLD COAST,JUN,2252,2837,0,0,5089,0,5089,post
GOLD COAST,JUL,21997,19649,0,0,41646,0,41646,post
GOLD COAST,AUG,4075,5636,0,0,9711,0,9711,post
HOBART,JAN,135552,149565,0,0,285117,0,285117,post
HOBART,FEB,115076,113163,0,0,228239,0,228239,post
HOBART,MAR,72088,80867,0,0,152955,0,152955,post
HOBART,APR,780,1341,0,0,2121,0,2121,post
HOBART,MAY,1263,2003,0,0,3266,0,3266,post
HOBART,JUN,2302,3099,0,0,5401,0,5401,post
HOBART,JUL,2840,3618,0,0,6458,0,6458,post
HOBART,AUG,2400,3050,0,0,5450,0,5450,post
KARRATHA,JAN,21219,17595,0,0,38814,0,38814,post
KARRATHA,FEB,17774,17772,0,0,35546,0,35546,post
KARRATHA,MAR,13511,14175,0,0,27686,0,27686,post
KARRATHA,APR,1530,1737,0,0,3267,0,3267,post
KARRATHA,MAY,1356,1295,0,0,2651,0,2651,post
KARRATHA,JUN,3414,3651,0,0,7065,0,7065,post
KARRATHA,JUL,7827,8130,0,0,15957,0,15957,post
KARRATHA,AUG,10688,9863,0,0,20551,0,20551,post
LAUNCESTON,JAN,68722,77376,0,0,146098,0,146098,post
LAUNCESTON,FEB,56306,55972,0,0,112278,0,112278,post
LAUNCESTON,MAR,36699,39219,0,0,75918,0,75918,post
LAUNCESTON,APR,301,475,0,0,776,0,776,post
LAUNCESTON,MAY,348,362,0,0,710,0,710,post
LAUNCESTON,JUN,994,1097,0,0,2091,0,2091,post
LAUNCESTON,JUL,2039,2584,0,0,4623,0,4623,post
LAUNCESTON,AUG,1958,1949,0,0,3907,0,3907,post
MACKAY,JAN,34227,32672,0,0,66899,0,66899,post
MACKAY,FEB,31457,32056,0,0,63513,0,63513,post
MACKAY,MAR,26375,24390,0,0,50765,0,50765,post
MACKAY,APR,3428,3753,0,0,7181,0,7181,post
MACKAY,MAY,3517,3674,0,0,7191,0,7191,post
MACKAY,JUN,8504,8404,0,0,16908,0,16908,post
MACKAY,JUL,15694,16265,0,0,31959,0,31959,post
MACKAY,AUG,15570,15854,0,0,31424,0,31424,post
MELBOURNE,JAN,1116371,1053603,581276,514803,2169974,1096079,3266053,post
MELBOURNE,FEB,921157,934726,408642,334254,1855883,742896,2598779,post
MELBOURNE,MAR,624922,619391,244268,227490,1244313,471758,1716071,post
MELBOURNE,APR,20061,21697,5448,12355,41758,17803,59561,post
MELBOURNE,MAY,29128,28400,5643,9003,57528,14646,72174,post
MELBOURNE,JUN,60190,62328,6431,9456,122518,15887,138405,post
MELBOURNE,JUL,29537,31636,49,12705,61173,12754,73927,post
MELBOURNE,AUG,6854,13444,0,14761,20298,14761,35059,post
NEWCASTLE,JAN,52332,52937,1665,1425,105269,3090,108359,post
NEWCASTLE,FEB,46233,46207,625,479,92440,1104,93544,post
NEWCASTLE,MAR,31344,30200,0,0,61544,0,61544,post
NEWCASTLE,APR,247,189,0,0,436,0,436,post
NEWCASTLE,MAY,202,203,0,0,405,0,405,post
NEWCASTLE,JUN,1087,1016,0,0,2103,0,2103,post
NEWCASTLE,JUL,7474,8291,0,0,15765,0,15765,post
NEWCASTLE,AUG,3077,2296,0,0,5373,0,5373,post
PERTH,JAN,336945,359009,238157,204575,695954,442732,1138686,post
PERTH,FEB,297652,300717,169482,135267,598369,304749,903118,post
PERTH,MAR,233956,226081,93680,84820,460037,178500,638537,post
PERTH,APR,17595,17136,1696,5422,34731,7118,41849,post
PERTH,MAY,15780,17204,1141,2285,32984,3426,36410,post
PERTH,JUN,29887,31756,1652,2469,61643,4121,65764,post
PERTH,JUL,53442,55274,2702,3866,108716,6568,115284,post
PERTH,AUG,58156,59012,2038,4142,117168,6180,123348,post
ROCKHAMPTON,JAN,21682,20775,0,0,42457,0,42457,post
ROCKHAMPTON,FEB,20718,20712,0,0,41430,0,41430,post
ROCKHAMPTON,MAR,16383,15076,0,0,31459,0,31459,post
ROCKHAMPTON,APR,1234,1271,0,0,2505,0,2505,post
ROCKHAMPTON,MAY,2071,2088,0,0,4159,0,4159,post
ROCKHAMPTON,JUN,4595,4698,0,0,9293,0,9293,post
ROCKHAMPTON,JUL,8535,8745,0,0,17280,0,17280,post
ROCKHAMPTON,AUG,8972,9209,0,0,18181,0,18181,post
SUNSHINE COAST,JAN,49802,53319,0,0,103121,0,103121,post
SUNSHINE COAST,FEB,40821,41262,0,0,82083,0,82083,post
SUNSHINE COAST,MAR,30794,31890,0,0,62684,0,62684,post
SUNSHINE COAST,APR,0,0,0,0,0,0,0,post
SUNSHINE COAST,MAY,0,0,0,0,0,0,0,post
SUNSHINE COAST,JUN,0,0,0,0,0,0,0,post
SUNSHINE COAST,JUL,4595,4152,0,0,8747,0,8747,post
SUNSHINE COAST,AUG,1032,1717,0,0,2749,0,2749,post
SYDNEY,JAN,1142353,1131604,877231,775800,2273957,1653031,3926988,post
SYDNEY,FEB,1003957,983714,595097,506896,1987671,1101993,3089664,post
SYDNEY,MAR,657237,661525,341102,344459,1318762,685561,2004323,post
SYDNEY,APR,28082,20096,7751,33619,48178,41370,89548,post
SYDNEY,MAY,33504,28774,10119,20218,62278,30337,92615,post
SYDNEY,JUN,74605,65547,12537,21934,140152,34471,174623,post
SYDNEY,JUL,134227,140497,12877,29798,274724,42675,317399,post
SYDNEY,AUG,55176,35022,9825,28770,90198,38595,128793,post
TOWNSVILLE,JAN,63574,59105,0,0,122679,0,122679,post
TOWNSVILLE,FEB,53546,51590,0,0,105136,0,105136,post
TOWNSVILLE,MAR,44037,43063,0,0,87100,0,87100,post
TOWNSVILLE,APR,3786,4068,0,0,7854,0,7854,post
TOWNSVILLE,MAY,4672,4575,0,0,9247,0,9247,post
TOWNSVILLE,JUN,11330,11590,0,0,22920,0,22920,post
TOWNSVILLE,JUL,28925,27368,0,0,56293,0,56293,post
TOWNSVILLE,AUG,27166,27623,0,0,54789,0,54789,post
All Australian Airports,JAN,5055479,5055479,2215508,1938543,10110958,4154051,14265009,post
All Australian Airports,FEB,4330713,4330713,1529809,1275620,8661426,2805429,11466855,post
All Australian Airports,MAR,3049073,3049073,887482,838247,6098146,1725729,7823875,post
All Australian Airports,APR,142694,142694,17304,58002,285388,75306,360694,post
All Australian Airports,MAY,169366,169366,18749,34240,338732,52989,391721,post
All Australian Airports,JUN,370155,370155,25244,39591,740310,64835,805145,post
All Australian Airports,JUL,717772,717772,20016,53835,1435544,73851,1509395,post
All Australian Airports,AUG,567014,567014,15549,56449,1134028,71998,1206026,post
